Date: Tue, 14 Jan 1997 19:57:46 GMT
Server: NCSA/1.5.2
Last-modified: Fri, 04 Oct 1996 19:49:58 GMT
Content-type: text/html
Content-length: 24806

 Computer Science Graduate Students    Computer Science Graduate Students  Local phone numbers are listed, off campus, use (413) 545-xxxx Name                     	 Phone     E-Mail (@cs.umass.edu)Ablavsky	Vitaly          5-0528    ablavsky       Ahmed           Sajeed         	5-3241    ahmed          Anderson        Scott           5-3616    anderson      Araujo          Elizeth         5-3039    araujo          Aseltine        Johnathan       5-2440    aseltine          Atkin           Marc            5-3616    atkin           Ballesteros     Lisa            5-0728    balleste        Barrett         Daniel          5-2146    barrett         Batanov         Alexander       5-0728    batanov         Baumgartner     Achim           5-0582    baumgart        Beardsley       Jean            5-2440    beardsle        Berkman         Neil            5-1985    berkman         Bhandaru        Malini          5-0675    malini          Bhargava        Alok            5-2544    bhargava        Bhattacharyya   Supratik        5-2014    bhattachBrown           Eric            5-0256    brown           Buluswar        Shashidhar      5-0528    buluswar        Cahoon          Brendon         5-0728    cahoon          Cavazos         John            5-0256    cavazos         Chamillard      Albert          5-0067    chamilla        Cheng           Yong-Qing       5-0528    chengChia            Mike            5-0675    chia          Clouse          Jeffery         5-1985    clouse          Coelho          Jefferson       5-3143    coelho          Crites          Robert          5-1596    crites Cvetanovic      Zarko                     cvetanov         Daniels         Jody            5-2440    daniels         Das             Madirakshi      5-3492    mdas           Datta           Suprakash       5-2502    datta          Daumueller      Katja           5-1519    daumuell        Dey-Sircar      Jayanta         5-3179    dey            Dhagat          Arundhati       5-1519    dhagat               Diwan           Amer            5-0256    diwan         Dolan           John                      dolan          Dropsho         Steven          5-1519    dropsho         Duff            Michael         5-1596    duff           Dwyer           Matthew         5-2146    dwyer           Dyer            Stephen         5-0582    dyer           Eliot           Christopher     5-0582    eliot           Etessami        Kousha          5-3644    etessami        Fang            Ming            5-4376    fang           Firoiu          Laura           5-3241    lfiroiuFiroiu          Victor          5-3241    vfiroiu         Friedman        M. Timur                  friedman              Fujii           Hideo           5-0728    fujii          Gan             Jiuhe           5-3241    gan           Gao             Lixin           5-2502    gao            Garvey          Alan            5-3444    garvey         Gonzalez-Gomez  Oscar           5-4376    ogonzale       Grass           Joshua          5-0582    jgrass      Gregory         Dawn            5-3616    gregory        Greiff          Warren          5-2440    greiff        Guzman-Lara     Sergio          5-1596    guzman         Haines          David           5-0728    haines         Han             Cheng-Feng      5-0728    chan           Hansen          Eric            5-1596    hansen          Haugsjaa        Erik            5-0582    ehaugsja        Haugsjaa        Kjeldy          5-3039    haugsjaa Havlicek        James           5-0256    havlicek        Huang           Jin             5-2014    jhuang         Huber           Manfred         5-3039    huber          Humphrey        Marty           5-4753    humphrey        Jaynes          Christopher     5-0528    jaynes         Kalra           Archna          5-1734    archnaKalt            Thomas          5-0728    kalt           Kamath          Mohan           5-4753    kamath         Kaneko          Hiroyuki        5-4753    Kaplan          Alan            5-2146    kaplan         Kasera          Kamal           5-2502    kkasera        Kasera          Sandhya         5-0728    skasera        Kasera          Sneha kumar     5-2544    kasera        Kim             John            5-0582    kim            Klassner        Frank           5-0675    klassner        Kokkoris        Stavros         5-3143    kokkorisKocica          Anthony         5-0322    kocica              Kundu           Joydip                    kundu         Kutlu           Gokhan          5-0528    kutluKuvayev         Leonid          5-1985    kuvayev          Leban           Bruce                     leban          Leouski         Anton           5-0728    leouskiLi              Chen            5-3179    li   Lim             William         5-0528    lim            Long            Qiegang         5-3444    qlong           Lu              Chi-Jen         5-2502    cjlu           Lu              Zhihong         5-0728    zlu           MacDonald       Willard         5-3143    macdonal       Mahamud         Shyjan          5-1596    mahamud        Mammen          Dorothy         5-0675    mammen         Manmatha        Raghavan        5-3623    manmatha       Marengoni       Mauricio        5-3506    marengon      Marsh           Harry           5-0582    marsh        McCall          Erik            5-2014    mccall         McCarthy        Joseph          5-2440    jmccarth       McCarthy        Lewis           5-2502    lmccarth       McNulty         John            5-1596    mcnulty       medina         Molesky         Lory            5-4753    lory          Moon            Sue Bok         5-2544    sbmoon         Murfin          Asaph           5-2559    murfin        Nagendraprasad  Maram           5-3444    nagendra       Nahum           Erich           5-3179    nahum       Naumovich       Gleb            5-2014    naumovicNithrakashyap   Arvind          5-2014    nithraka        Oates           James           5-3616    oates          Oliver          David                     oliver          Padhye          Jitendra        5-4753    jituPapka           Ron             5-0728    papka          Pedregal-Martin Cris            5-2447    pedregal        Peri            Jagan           5-2014    jagan                  Picquendar      Marc            5-2502    picquendpodorozh      Ponte           Jay             5-0728    ponte         Prabhu          Rajesh          5-2014    prabhuPrecup          Doina           5-1985    dprecupPurimetla       Bhaskar         5-4753    bhaskarPyreddy         Pallavi         5-0728    pyreddy         Rajeev          Byrisetty       5-1734    rajeevRamanathan      Kumaresan       5-2014    ramanath       Ramavarjula     Bharathi        5-0067    ramavarj       Ramjee          Ramachandran    5-2544    ramjee         Ravela          Srinivas        5-3506    ravela         Ridgway         John            5-0256    ridgway       Rubenstein      Daniel          5-2014    drubenst       Rubinstein      Zachary         5-1985    rubinstein     Sahu            Sambit          5-4376    sahu          Salehi          James           5-3179    salehi         Sandholm        Tuomas          5-0675    sandholm       Sarangan        Selvakumar      5-3241    sarangan        Schnackertz     Theodore        5-3039    schnack        Scudder         Michael         5-1519    scudder        Sen             Subhabrata      5-4753    senShanmugasundaramJayavel         5-0067    shanSharry          David           5-0639    sharry         Shi             Qing            5-0728    qshi           Shrikumar       Hariharasubrahm 5-4753    shri       Singhai         Sharad          5-1519    singhaiSitkoff         Nathan          5-1596    sitkoff         Sivasankaran    Rajendran       5-4753    sivasank        Skalak          David           5-1985    skalak         Soderland       Stephen         5-2440    soderlan       St. Amant       Robert          5-3616    stamant         Stefanovic      Darko           5-0256    stefanov        Stein           Cindy           5-0256    stein          Stern           Mia             5-0582    stern           Stolle          Frank           5-0528    stolle          Swan            Russell         5-1734    swan           Tarr            Peri            5-2146    tarr           Teo             Marie           5-4753    teo           Wagner          Thomas          5-0675    wagner            Wang            Xiaoguang       5-0528    xwang          Weaver          Glen            5-0256    weaver          Whitehair       Robert          5-3444    whitehai        Wright		Eric		5-1516    wrightWu              Ziqiang (Victor)5-3492    vwu            Xavier          Shehan                    xavier          Xiong           Ming            5-4753    xiong           Xu              Jinxi           5-0728    xuXuan            Ping            5-0734    pxuan              Yanowitz        Jason           5-4753    yanowitz       Yates           David           5-3179    yates           Yee             Richard         5-1596    yee            Zhang           Zhili           5-2544    zhzhang        Zhang           Zhongfei        5-3492    zzhang           NEXT:   Publications   Return to Home Page   Last update: June 8, 1995  www-admin@cs.umass.edu    